{
  "answers": [ "ngh", "ng", "ngh", "ngh" ],
  "question": "<#>ngh</#>      é nằm<#>ng</#>      ẫm<#>ngh</#>      ĩ\n Dưới khóm tre già\n Đàn bướm bay qua\n Cánh <#>ngh</#>      iêng:'Chào bạn!'.\n                                  Theo MAI NGỌC",
  "redings": "",
  "anim": false,
  "soundAnim": false,
  "center": false,
  "title": "Kéo <color=#f05a24>ng</color> hoặc <color=#f05a24>ngh</color> vào chỗ trống phù hợp.",
  "right_answer": [ "ngh", "ng", "ngh", "ngh" ]
}