[
    {
    "key": "T3.NLDT6.TPNL1",
    "text": "Tư duy lập luận toán học",
    "parents_code": "T3.NLDT6"
    },
    {
    "key": "T3.NLDT6.TPNL2",
    "text": "Mô hình hóa toán học",
    "parents_code": "T3.NLDT6"
    },
    {
    "key": "T3.NlDT6.TPNL3",
    "text": "Giải quyết vấn đè toán học",
    "parents_code": "T2.NLDT6"
    },
 {
    "key": "T3.NLDT6.TPNL4",
    "text": "Giao tiếp toán học ",
    "parents_code": "T3.NLDT6"
    },
{
    "key": "T3.NLDT6.TPNL5",
    "text": "sử dụng công cụ , phương tiện học toán",
    "parents_code": "T3.NLDT6"
    }
]