[
{
    "key": "T3.NLDT6.TPNL4.BH3.BHCT1",
    "text": "GTTH.3.1. Đọc/ Viết được các số trong phạm vi 100 bằng chữ sau khi thực hiện phép đếm",
    "parents_code": "T3.NLDT6.TPNL4.BH3"
    },
{
    "key": "T3.NLDT6.TPNL4.BH3.BHCT2",
    "text": "GTTH.3.1. Viết được các số trong phạm vi 100 bằng chữ số sau khi thực hiện phép đếm",
    "parents_code": "T3.NLDT6.TPNL4.BH3"
    },
{
    "key": "T3.NLDT6.TPNL4.BH3.BHCT3",
    "text": "GTTH.3.1. Sử dụng được các ký hiệu để ghi lại kết quả việc so sánh các số có 2 chữ số",
    "parents_code": "T3.NLDT6.TPNL4.BH3"
    },
{
    "key": "T3.NLDT6.TPNL4.BH3.BHCT4",
    "text": "",
    "parents_code": "T3.NLDT6.TPNL4.BH3"
    }
]