[
	{
		"id": "T1.PC1.BH1.json"
	},
	{
	  	"id": "T3.NLDT1.TPNL1.json"
	},
	{
	  	"id": "T3.NLDT1.TPNL2.json"
	},
	{
	  	"id": "T3.NLDT1.TPNL3.json"
	},
	{
	  	"id": "T3.NLDT2.TPNL1.json"
	},
	{
	  	"id": "T3.NLDT2.TPNL2.json"
	},
	{
	  	"id": "T3.NLDT2.TPNL3.json"
	},
	{
	  	"id": "T3.NLDT2.TPNL4.json"
	},
	{
	  	"id": "T3.NLDT2.TPNL5.json"
	},
	{
	  	"id": "T3.NLDT3.TPNL1.json"
	},
	{
	  	"id": "T3.NLDT3.TPNL2.json"
	},
	{
	  	"id": "T3.NLDT3.TPNL3.json"
	},
	{
	  	"id": "T3.NLDT4.TPNL1.json"
	},
	{
	  	"id": "T3.NLDT4.TPNL2.json"
	},
	{
	  	"id": "T3.NLDT4.TPNL3.json"
	},
	{
	  	"id": "T3.NLDT5.TPNL1.json"
	},
	{
	  	"id": "T3.NLDT5.TPNL2.json"
	},
	{
	  	"id": "T3.NLDT5.TPNL3.json"
	},
	{
	  	"id": "T3.NLDT5.TPNL4.json"
	},
	{
	  	"id": "T3.NLDT5.TPNL5.json"
	},
	{
	  	"id": "T3.NLDT6.TPNL1.json"
	},
	{
	  	"id": "T3.NLDT6.TPNL2.json"
	},
	{
	  	"id": "T3.NLDT6.TPNL3.json"
	},
	{
	  	"id": "T3.NLDT6.TPNL4.json"
	},
	{
	  	"id": "T3.NLDT6.TPNL5.json"
	},
	{
	  	"id": "T3.NLDT7.TT1.json"
	},
	{
	  	"id": "T3.NLDT7.TT2.json"
	}
]