[
  {
    "key": "T3.NLDT7.TT2.BH1",
    "text": "VBVH.1aM1. Trả lời được câu hỏi về một số chi tiết nội dung trong câu chuyện ",
    "parents_code": "T3.NLDT7.TT2"
  },
  {
    "key": "T3.NLDT7.TT2.BH2",
    "text": "VBVH.1aM2. Kết nối được hai hoặc nhiều chi tiết để hiểu nội dung hoàn chỉnh hơn nghệ thông tin hỗ trợ học tập.",
    "parents_code": "T3.NLDT7.TT2"
  },
  {
    "key": "T3.NLDT7.TT2.BH3",
    "text": "VBVH.1bM2. Cắt nghĩa được một số nội dung trong văn bản  ",
    "parents_code": "T3.NLDT7.TT2"
  },
  {
    "key": "T3.NLDT7.TT2.BH4",
    "text": "VBVH.2aM1. Nhận biết được các sự việc chính của câu chuyện",
    "parents_code": "T3.NLDT7.TT2"
  },
  {
    "key": "T3.NLDT7.TT2.BH5",
    "text": "VBVH.2bM1. Tìm được những từ ngữ biểu thái độ, tình cảm, cảm nghĩ của nhân vật",
    "parents_code": "T3.NLDT7.TT2"
  },
  {
    "key": "T3.NLDT7.TT2.BH6",
    "text": "VBVH.3M3. Rút ra được bài học cho bản thân từ văn bản",
    "parents_code": "T3.NLDT7.TT2"
  },
  {
    "key": "T3.NLDT7.TT2.BH7",
    "text": "KTTV.3.1M1. Nhận diện được từ ngữ chỉ sự vật",
    "parents_code": "T3.NLDT7.TT2"
  },
  {
    "key": "T3.NLDT7.TT2.BH8",
    "text": "KTTV.3.1M2. Phân loại được từ ngữ chỉ sự vật",
    "parents_code": "T3.NLDT7.TT2"
  },
  {
    "key": "T3.NLDT7.TT2.BH9",
    "text": "KTTV.3.1M2. Tìm được từ ngữ chỉ sự vật theo chủ điểm",
    "parents_code": "T3.NLDT7.TT2"
  },
  {
    "key": "T3.NLDT7.TT2.BH10",
    "text": "VBVH.1aM1. Trả lời được câu hỏi về một số chi tiết nội dung trong bài thơ",
    "parents_code": "T3.NLDT6.TPNL5"
  },
  {
    "key": "T3.NLDT7.TT2.BH11",
    "text": "VBVH.1bM2. Giải nghĩa được từ trong văn bản",
    "parents_code": "T3.NLDT6.TPNL5"
  },
  {
    "key": "T3.NLDT7.TT2.BH12",
    "text": "VBVH.1aM2. Tìm được câu thơ phù hợp hình ảnh minh họa",
    "parents_code": "T3.NLDT6.TPNL5"
  },
  {
    "key": "T3.NLDT7.TT2.BH13",
    "text": "VBVH.2dM1. Tìm được cặp từ bắt vần với nhau trong thơ",
    "parents_code": "T3.NLDT6.TPNL5"
  },
  {
    "key": "T3.NLDT7.TT2.BH14",
    "text": "VBVH.3M3. Đánh giá được về giá trị nội dung và nghệ thuật của văn bản, của chi tiết trong văn bản",
    "parents_code": "T3.NLDT6.TPNL5"
  },
  {
    "key": "T3.NLDT7.TT2.BH15",
    "text": "KTTV.3.1M1. Nhận diện được từ ngữ chỉ sự vật",
    "parents_code": "T3.NLDT6.TPNL5"
  },
  {
    "key": "T3.NLDT7.TT2.BH16",
    "text": "KTTV.3.1M2. Phân loại được từ ngữ chỉ sự vật, hoạt động, tính chất",
    "parents_code": "T3.NLDT6.TPNL5"
  },
  {
    "key": "T3.NLDT7.TT2.BH17",
    "text": "KTTV.3.1M1. Nhận diện được những từ ngữ trong câu  trả lời câu hỏi Ai? Cái gì? Con gì",
    "parents_code": "T3.NLDT6.TPNL5"
  },
  {
    "key": "T3.NLDT7.TT2.BH18",
    "text": "KTTV.1M1.Ghi nhớ được tên chữ, tên âm",
    "parents_code": "T3.NLDT6.TPNL5"
  },
  {
    "key": "T3.NLDT7.TT2.BH19",
    "text": "KTTV.1M2. Ghi nhớ được trật tự bảng chữ cái",
    "parents_code": "T3.NLDT6.TPNL5"
  },
  {
    "key": "T3.NLDT7.TT2.BH20",
    "text": "KTTV.1M3. Vận dụng trật tự bảng chữ cái vào sắp xếp danh sách tên trong giao tiếp",
    "parents_code": "T3.NLDT6.TPNL5"
  },
  {
    "key": "T3.NLDT7.TT2.BH21",
    "text": "VBVH.1aM1. Trả lời được câu hỏi về một số chi tiết nội dung trong văn bản",
    "parents_code": "T3.NLDT6.TPNL5"
  },
  {
    "key": "T3.NLDT7.TT2.BH22",
    "text": "VBVH.1aM1. Tìm được thông tin nội dung, sự kiện trong văn bản",
    "parents_code": "T3.NLDT6.TPNL5"
  },
  {
    "key": "T3.NLDT7.TT2.BH23",
    "text": "VBVH.1bM2. Suy luận được thông tin dựa vào những thông tin được cung cấp trong văn bản dựa vào gợi ý",
    "parents_code": "T3.NLDT6.TPNL5"
  },
  {
    "key": "T3.NLDT7.TT2.BH24",
    "text": "VBVH.2cM2. Tìm được câu văn, chi tiết cho thấy thái độ, tình cảm, cảm nghĩ của nhân vật ",
    "parents_code": "T3.NLDT6.TPNL5"
  },
  {
    "key": "T3.NLDT7.TT2.BH25",
    "text": "VBVH.3M3. Rút ra được liên hệ bản thân từ văn bản",
    "parents_code": "T3.NLDT6.TPNL5"
  },
  {
    "key": "T3.NLDT7.TT2.BH26",
    "text": "KTTV.3.1M1. Nhận diện được từ ngữ chỉ sự vật",
    "parents_code": "T3.NLDT6.TPNL5"
  },
  {
    "key": "T3.NLDT7.TT2.BH27",
    "text": "KTTV.3.1M1. Nhận diện được kiểu câu Ai là gì? ",
    "parents_code": "T3.NLDT6.TPNL5"
  },
  {
    "key": "T3.NLDT7.TT2.BH28",
    "text": "KTTV.1M3. Vận dụng trật tự bảng chữ cái vào sắp xếp danh sách tên trong giao tiếp ",
    "parents_code": "T3.NLDT6.TPNL5"
  }
]
