[
    {
    "key": "T3.NLDT2.TPNL1.BH1",
    "text": "NTCN.1. Nhận ra được sự khác biệt của môi trường tự nhiên và môi trường sống do con người tạo ra.",
    "parents_code": "T3.NLDT2.TPNL1"
    },
    {
    "key": "T3.NLDT2.TPNL1.BH2",
    "text": "NTCN.2. Nêu được vai trò của các sản phẩm công nghệ trong đời ",
    "parents_code": "T3.NLDT2.TPNL1"
    },
    {
    "key": "T3.NLDT2.TPNL1.BH3",
    "text": "NTCN.3. Kể được về một số nhà sáng chế tiêu biểu cùng các sản phẩm sáng chế nổi tiếng có tác động lớn tới cuộc sống của con người.",
    "parents_code": "T3.NLDT2.TPNL1"
    },
   {
    "key": "T3.NLDT2.TPNL1.BH4",
    "text": "NTCN.4. Nhận biết được sở thích, khả năng của bản thân đối với các hoạt động kĩ thuật, công nghệ đơn giản.",
    "parents_code": "T3.NLDT2.TPNL1"
    },
   {
    "key": "T3.NLDT2.TPNL1.BH5",
    "text": "NTCN.5. Trình bày được quy trình làm một số sản phẩm thủ công kĩ thuật đơn giản. ",
    "parents_code": "T3.NLDT2.TPNL1"
    }

]