[
    {
    "key": "T3.NLDT4.TPNL1.BH1",
    "text": "CS.1. Biết và bước đầu thực hiện được vệ sinh cá nhân, vệ sinh chung và vệ sinh trong tập luyện thể dục thể thao.",
    "parents_code": "T3.NLDT4.TPNL1"
    },
    {
    "key": "T3.NLDT4.TPNL1.BH2",
    "text": "CS.2. Biết và bước đầu thực hiện được một số yêu cầu cơ bản của chế độ dinh dưỡng để bảo vệ, tăng cường sức khoẻ.",
    "parents_code": "T3.NLDT4.TPNL1"
    },
{
    "key": "T3.NLDT4.TPNL1.BH3",
    "text": " CS.3. Nhận ra và bước đầu có ứng xử thích hợp với một số yếu tố cơ bản của môi trường tự nhiên có lợi và có hại cho sức khoẻ.",
    "parents_code": "T3.NLDT4.TPNL1"
    }

]