[
    {
    "key": "T3.NLDT1.TPNL2.BH1",
    "text": "THMT.1. Đặt được các câu hỏi đơn giản về một số sự vật, hiện tượng, mối quan hệ trong tự nhiên và xã hội xung quanh.",
    "parents_code": "T3.NLDT1.TPNL2"
    },
    {
    "key": "T3.NLDT1.TPNL2.BH2",
    "text": "THMT.2. Quan sát, thực hành đơn giản để tìm hiểu được về sự vật, hiện tượng, mối quan hệ trong tự nhiên và xã hội xung quanh.",
    "parents_code": "T3.NLDT1.TPNL2"
    },
    {
    "key": "T3.NLDT1.TPNL2.BH3",
    "text": "THMT.3. Nhận xét được về những đặc điểm bên ngoài, so sánh sự giống, khác nhau giữa các sự vật, hiện tượng xung quanh và sự thay đổi của chúng theo thời gian một cách đơn giản thông qua kết quả quan sát, thực hành.",
    "parents_code": "T1.NLDT1.TPNL2"
    }

]