[
    {
    "key": "T3.NLDT6.TPNL5.BH1",
    "text": "CCPT.1. Nhận biết được tên gọi, tác dụng, quy cách sử dụng, cách thức bảo quản các công cụ, phương tiện học toán đơn giản (que tính, thẻ số, thước, compa, êke, các mô hình hình phẳng và hình khối quen thuộc,...)",
    "parents_code": "T3.NLDT6.TPNL5"
    },
    {
    "key": "T3.NLDT6.TPNL5.BH2",
    "text": "CCPT.2. Sử dụng được các công cụ, phương tiện học toán để thực hiện những nhiệm vụ học tập toán đơn giản; Làm quen với máy tính cầm tay, phương tiện công 
nghệ thông tin hỗ trợ học tập.",
    "parents_code": "T3.NLDT6.TPNL5"
    },
{
    "key": "T3.NLDT6.TPNL5.BH3",
    "text": "CCPT.3. Nhận biết được (bước đầu) một số ưu điểm, hạn chế của những công cụ, phương tiện hỗ trợ để có cách sử dụng hợp lí.",
    "parents_code": "T3.NLDT6.TPNL5"
    }
]