[
{
    "key": "T3.NLDT6.TPNL3.BH4.BHCT1",
    "text": "GQVĐ.4.2. Lựa chọn được giải pháp phù hợp cho việc sắp thứu tự các số có 2 chữ số ",
    "parents_code": "T3.NLDT6.TPNL3.BH4"
    },
{
    "key": "T3.NLDT6.TPNL3.BH4.BHCT2",
    "text": "GQVĐ.4.2.Đưa ra được giải pháp về việc tìm số liền trước, số liền sau của một số thỏa mãn yêu cầu cho trước",
    "parents_code": "T3.NLDT6.TPNL3.BH4"
    },
{
    "key": "T3.NLDT6.TPNL3.BH4.BHCT3",
    "text": "GQVĐ.4.1. Lựa chọn được giải pháp phù hợp cho việc sắp xếp các số trên tia số",
    "parents_code": "T3.NLDT6.TPNL3.BH4"
    }
]